,0,1,2,3,4,5,6,7,8,9
0,X,"$#text(weight: ""bold"")[H]$",m,m,m,m,m,"$#text(weight: ""bold"")[H]$",m,m
1,"$#text(weight: ""bold"")[H]$",m,m,"$#text(weight: ""bold"")[H]$",m,m,m,m,m,"$#text(weight: ""bold"")[H]$"
2,m,m,m,"$#text(weight: ""bold"")[H]$",m,m,m,m,"$#text(weight: ""bold"")[H]$",m
3,m,"$#text(weight: ""bold"")[H]$","$#text(weight: ""bold"")[H]$",m,m,m,m,m,m,m
4,m,m,m,m,"$#text(weight: ""bold"")[H]$",m,m,m,m,"$#text(weight: ""bold"")[H]$"
5,m,m,m,m,m,m,m,m,m,m
6,m,m,m,m,m,m,m,m,"$#text(weight: ""bold"")[H]$",m
7,"$#text(weight: ""bold"")[H]$",m,m,m,m,m,m,m,m,"$#text(weight: ""bold"")[H]$"
8,m,m,"$#text(weight: ""bold"")[H]$",m,m,m,"$#text(weight: ""bold"")[H]$",m,m,m
9,m,"$#text(weight: ""bold"")[H]$",m,m,"$#text(weight: ""bold"")[H]$",m,m,"$#text(weight: ""bold"")[H]$",m,m
